/*
Navicat MySQL Data Transfer

Source Server         : localhost
Source Server Version : 50521
Source Host           : localhost:3306
Source Database       : pisceshow

Target Server Type    : MYSQL
Target Server Version : 50521
File Encoding         : 65001

Date: 2012-06-29 17:46:23
*/

SET FOREIGN_KEY_CHECKS=0;

-- ----------------------------
-- Table structure for `ps_blog`
-- ----------------------------
DROP TABLE IF EXISTS `ps_blog`;
CREATE TABLE `ps_blog` (
  `blog_id` int(10) unsigned NOT NULL AUTO_INCREMENT,
  `blog_title` text NOT NULL COMMENT '标题',
  `blog_type` enum('4','3','2','1') NOT NULL DEFAULT '1' COMMENT '1 文本， 2 图片， 3 音乐， 4 视频，',
  `blog_del` enum('1','0') DEFAULT '0' COMMENT '是否被删除',
  `blog_text` text NOT NULL COMMENT '内容',
  `blog_img` varchar(255) DEFAULT NULL COMMENT '图片url',
  `blog_music` varchar(255) DEFAULT NULL COMMENT '音乐url',
  `blog_video` varchar(255) DEFAULT NULL COMMENT '视频url',
  `blog_publish` int(11) NOT NULL COMMENT '发表时间',
  `blog_modify` int(11) DEFAULT '0' COMMENT '最后修改时间',
  `blog_author` int(10) unsigned NOT NULL COMMENT '作者',
  `blog_up` int(10) unsigned DEFAULT '0' COMMENT '顶',
  `blog_down` int(10) unsigned DEFAULT '0' COMMENT '踩',
  PRIMARY KEY (`blog_id`),
  UNIQUE KEY `blog_id_key` (`blog_id`),
  KEY `author_id_forei` (`blog_author`),
  CONSTRAINT `author_id_forei` FOREIGN KEY (`blog_author`) REFERENCES `ps_login` (`login_id`) ON DELETE CASCADE
) ENGINE=InnoDB AUTO_INCREMENT=40 DEFAULT CHARSET=utf8;

-- ----------------------------
-- Records of ps_blog
-- ----------------------------
INSERT INTO `ps_blog` VALUES ('14', '第八标题', '1', '0', '第八篇博客内容', null, null, null, '1340774521', '1340774521', '7', '0', '0');
INSERT INTO `ps_blog` VALUES ('15', '第一标题', '1', '0', '第一内容', null, null, null, '1340774556', '1340774556', '7', '0', '0');
INSERT INTO `ps_blog` VALUES ('16', '第二标题', '1', '0', '第二内容', null, null, null, '1340774580', '1340774580', '7', '0', '0');
INSERT INTO `ps_blog` VALUES ('17', '第三标题', '1', '0', '第三内容', null, null, null, '1340774592', '1340774592', '7', '0', '0');
INSERT INTO `ps_blog` VALUES ('18', '第四标题', '1', '0', '第四鸟人', null, null, null, '1340774604', '1340774604', '7', '0', '0');
INSERT INTO `ps_blog` VALUES ('19', '第五标题', '1', '0', '第五内容', null, null, null, '1340774615', '1340774615', '7', '0', '0');
INSERT INTO `ps_blog` VALUES ('20', '第六标题', '1', '0', '第刘标题', null, null, null, '1340774631', '1340954242', '7', '0', '0');
INSERT INTO `ps_blog` VALUES ('21', '第气标题', '1', '0', '第气内容', null, null, null, '1340774643', '1340774643', '7', '0', '0');
INSERT INTO `ps_blog` VALUES ('22', '第酒标题', '1', '0', '第酒标内容', null, null, null, '1340774654', '1340774654', '7', '0', '0');
INSERT INTO `ps_blog` VALUES ('23', '的', '1', '0', '的', null, null, null, '1340776490', '1340776490', '7', '0', '0');
INSERT INTO `ps_blog` VALUES ('24', '第一篇博客标题', '1', '1', '第一篇博客内容\r\n擦阿斯多夫斯蒂芬按时到岗按时到岗阿萨德郭德纲傲骨安世高\r\n东港按时到岗安世高a\r\n\r\n阿萨德噶是德国asdg\r\ns个按时到岗按时到岗按时到岗按时到岗阿萨德\r\n\r\n\r\n发噶第三个按时到岗按时到岗矮冬瓜按时到岗\r\n\r\n\r\n\r\n岁的噶按时到岗按时到岗\r\n', null, null, null, '1340782033', '1340782033', '8', '0', '0');
INSERT INTO `ps_blog` VALUES ('25', '第二篇比克标题', '1', '1', '\r\nbool BindSystem::ThreadInitialize(IKernel* pKernel)\r\n{\r\n	MODULE_ADD_CALLBACK(\"Player\", \"OnLoad\", BindSystem::OnPlayerLoad);\r\n	MODULE_ADD_CALLBACK(\"Player\", \"OnReady\", BindSystem::OnPlayerReady);\r\n\r\n	MODULE_ADD_CALLBACK(\"BaseItem\", \"OnCreateClass\", BindSystem::OnItemCreateClass);\r\n\r\n	MODULE_ADD_CALLBACK(\"BindBox\", \"OnCreate\", BindSystem::OnBindBoxCreate);\r\n	MODULE_ADD_CALLBACK(\"EquipBox\", \"OnAfterAdd\", BindSystem::OnEquipBoxAfterAdd);\r\n	MODULE_ADD_CALLBACK(\"ToolBox\", \"OnAfterAdd\", BindSystem::OnToolBoxAfterAdd);\r\n\r\n	MODULE_ADD_COMMANDMAP(\"BaseItem\", COMMAND_ITEM_CAN_BECHUCK, BindSystem::OnCommandCanChuckItem);\r\n	MODULE_ADD_COMMANDMAP(\"BaseItem\", COMMAND_ITEM_CAN_BEEXCHANGE, BindSystem::OnCommandCanExchangeItem);\r\n	MODULE_ADD_COMMANDMAP(\"BaseItem\", COMMAND_ITEM_CAN_REBUILD, BindSystem::OnCommandCanRebuildItem);\r\n	\r\n	MODULE_ADD_COMMANDMAP(\"BindBox\", COMMAND_CAN_ADDITEM, BindSystem::OnCommandBindBoxCanAddItem);\r\n\r\n	//MODULE_ADD_CUSTOMMAP(CLIENT_CUSTOMMSG_BIND, BindSystem::OnCustomBind);\r\n	return true;\r\n}\r\n\r\n//释放\r\nbool BindSystem::Destroy()\r\n{\r\n	return true;\r\n}\r\n\r\n//接口\r\n//获得物品的绑定类型\r\nint BindSystem::GetBindType(IKernel * pKernel, const PERSISTID & item)\r\n{\r\n	if (!pKernel->Find(item, \"BindType\"))\r\n		return BIND_TYPE_NONE;\r\n\r\n	return pKernel->QueryInt(item, \"BindType\");\r\n}', null, null, null, '1340782076', '1340782076', '8', '0', '0');
INSERT INTO `ps_blog` VALUES ('26', '谷歌创建智能网络系统：大脑模拟器能识别猫咪', '1', '1', '网易科技讯 6月26日消息，据国外媒体报道，Google X部门的科学家们通过将1.6万台电脑的处理器相连接建造出了全球为数不多的最大中枢网络系统，它能自主学习，可以称之谓“谷歌大脑”。科学家们表示，这一中枢网络系统完全是在网络中自学成才。\r\n\r\n面对从YouTube视频中找到的1000万张数字照片，这个“谷歌大脑”会干什么？这估计与数以百万普通YouTube用户一样——找猫咪。\r\n\r\n科学家们说到，该中枢系统能够靠“自己”识别出一只没有做出任何动作的猫。据悉，科学家们打算于本周将此项结果展示在苏格兰爱丁堡一次的科学会议上。\r\n\r\nGoogle的科学家以及程序员们表示，互联网上充斥着许多猫咪视频算不上什么新闻，不过这种模拟的效果还是令他们吓了一跳。与之前所做的任何实验相比，谷歌大脑的效果都要好得多：面对2万种截然不同的物体，它的辨识能力提高了很多。\r\n\r\n科学家们声称，这项研究是新一代计算机科学的代表，这类研究项目充分利用了计算资源的成本下滑，以及庞大数据中心的日益增多的特点。同时它在机器视觉、认知、话语识别以及语言翻译领域都代表着最为前沿的科学技术。\r\n\r\n事实上，并不仅仅只有Google的科学家们在机器模拟人脑领域探索，有人将其看作是一种更为深层次学习的模式。微软的科学家们去年发现该技术也可用于建造理解人类话语的计算机系统。', null, null, null, '1340782139', '1340782139', '8', '0', '0');
INSERT INTO `ps_blog` VALUES ('27', '啊艾丝凡阿萨德噶德国阿斯蒂芬gas豆腐干按时到岗阿萨德按时到岗', '1', '1', '岁的噶按时到岗按时到岗阿萨德噶圣诞噶是的噶实打实的阿萨德阿萨德噶是的gas点噶圣诞歌按时到岗按时到岗阿萨德按时到岗按时到岗按时到岗按时到岗按时到岗按时到岗按时到岗按时到岗阿萨德噶圣诞噶圣诞噶圣诞按时到岗阿萨德噶圣诞歌按时到岗按时到岗按时到岗', null, null, null, '1340851960', '1340851960', '7', '0', '0');
INSERT INTO `ps_blog` VALUES ('28', '图片', '1', '1', '<img src=\'/pisceshow/public/img/default_photo.jpg\'/>', null, null, null, '1340852780', '1340852780', '8', '0', '0');
INSERT INTO `ps_blog` VALUES ('29', '测试图片', '1', '1', '测试图片<img src=\'/pisceshow/public/img/intro.png\'/>', null, null, null, '1340852892', '1340852892', '8', '0', '0');
INSERT INTO `ps_blog` VALUES ('30', '测试链接', '1', '1', '<a href=\'www.google.com\'>www.google.com</a>', null, null, null, '1340853108', '1340853108', '8', '0', '0');
INSERT INTO `ps_blog` VALUES ('31', 'www.google.com', '1', '1', '<a href=\'http://www.google.com\'>www.google.com</a>', null, null, null, '1340853173', '1340853173', '8', '0', '0');
INSERT INTO `ps_blog` VALUES ('32', 'self link', '1', '1', '<a href=\'http://www.google.com\' target=\'_self\'>selg google</a>', null, null, null, '1340853368', '1340853368', '8', '0', '0');
INSERT INTO `ps_blog` VALUES ('33', 'blank link', '1', '1', '<a href=\'http://www.google.com\' taget=\'_blank\'>blank link</a>', null, null, null, '1340853450', '1340853450', '8', '0', '0');
INSERT INTO `ps_blog` VALUES ('34', 'blank link', '1', '1', '<a href=\"http://www.google.com\" target=\"_blank\">blank link</a>', null, null, null, '1340853490', '1340853490', '8', '0', '0');
INSERT INTO `ps_blog` VALUES ('35', '<span class=\"color4\">blank link</span>', '1', '1', '<span class=\"color4\">blank link</span>', null, null, null, '1340854277', '1340854277', '7', '0', '0');
INSERT INTO `ps_blog` VALUES ('37', 'sdgasd a', '1', '1', '<div class=\"bd tab-bd display-control\">\r\n        <div class=\"tab-con current\">											<div class=\"imgText-temp-1 dotline clearfix\">\r\n							   		<div class=\"mod-img main-img\">\r\n	<a href=\"http://suzhou.house.163.com/news2/120627/1/973463-1.shtml\"><img src=\"http://hz.house.163.com/infoimg/20120627/bb5216cf-e7f6-4411-a07c-329058578260.jpg\" alt=\"逾30城市微调限购政策\" height=\"90\" width=\"120\"><cite>逾30城市微调限购政策</cite></a>\r\n</div>\r\n							<h3 class=\"main-title\"><a href=\"http://suzhou.house.163.com/news2/120627/1/973597-1.shtml\">楼市\"赛龙舟\"54城成交涨103%</a></h3>\r\n							<ul class=\"mod-list main-list\">\r\n																<li><a href=\"http://suzhou.house.163.com/news2/120627/1/973657-1.shtml\">首套房利率7折是救市擦边球</a></li>\r\n																<li><a href=\"http://suzhou.house.163.com/news2/120627/1/973493-1.shtml\">房产持有税应择机加快出台</a></li>\r\n																<li><a href=\"http://suzhou.house.163.com/news2/120627/1/973679-1.shtml\">房贷调整还有哪些可能性？</a></li>\r\n																<li><a href=\"http://suzhou.house.163.com/news2/120627/1/973476-1.shtml\">地产调控压虚火更要治病根</a></li>\r\n															</ul>\r\n						</div>\r\n						<ul class=\"mod-list main-list\">\r\n														<li><a href=\"http://suzhou.house.163.com/news2/120627/1/973542-1.shtml\">八十四小时多空对决 中国房地产的自卫反击战</a></li>\r\n														<li><a href=\"http://suzhou.house.163.com/news2/120627/1/973558-1.shtml\">牵手绿城：负债略升不伤资产质量今年不融资</a></li>\r\n														<li><a href=\"http://suzhou.house.163.com/news2/120627/14/973528-1.shtml\">申城限购令政策再缩紧 单身无户口不可买房</a></li>\r\n														<li><a href=\"http://suzhou.house.163.com/news2/120627/12/973566-1.shtml\">机构并非全面看空 外资直接投资或触底反弹</a></li>\r\n														<li><a href=\"http://suzhou.house.163.com/news2/120627/17/973512-1.shtml\">苏州高新区地王3月已被法院查封 或被无偿收回</a></li>\r\n																					<li>[<a target=\"_blank\" href=\"http://bbs.gz.house.163.com/\">租房</a>]<a href=\"http://bbs.gz.house.163.com/bbs/share/254461038.html\">夏天来啦合租男变内裤男</a> <a target=\"_blank\" href=\"http://bbs.gz.house.163.com/photoalbum/lovegz/254482105.html\">各地的人造\"麦田\"</a></li>\r\n													</ul>\r\n						<ul class=\"mod-list specialTopic-list\">\r\n														<li><a href=\"http://home.163.com/\" class=\"fB\">[家居]</a> | <a href=\"http://home.163.com/12/0628/08/852RRHHC00104JJL.html\" data-t-h=\"08\">斯米克瓷砖厂裁员引发大堵门 警察出动</a></li>\r\n														<li><a href=\"http://home.163.com/gallery/\" class=\"fB\">[装修图]</a> | <a href=\"http://home.163.com/photoview/2OHS0010/10744.html#p=850GLDF52OHS0010\"><em class=\" \">九万搞定50平单身家</em></a> <a target=\"_blank\" href=\"http://bbs.home.163.com/bbs/riji/254476616.html\"><em class=\" \">5万折腾300平复式</em></a></li>\r\n													</ul></div>\r\n        <div class=\"tab-con\">											<div class=\"imgText-temp-1 dotline clearfix\">\r\n							   		<div class=\"mod-img main-img\">\r\n	<a href=\"http://suzhou.house.163.com/news2/120627/12/973707-1.shtml\"><img src=\"http://hz.house.163.com/infoimg/20120627/969bfbf9-31a3-4d09-8668-ee399f11075d.jpg\" alt=\"解读毕业生买房现象\" height=\"90\" width=\"120\"><cite>解读毕业生买房现象</cite></a>\r\n</div>\r\n							<h3 class=\"main-title\"><a href=\"http://suzhou.house.163.com/news2/120627/17/973677-1.shtml\">6.26园区2宗地块底价成交</a></h3>\r\n							<ul class=\"mod-list main-list\">\r\n																<li><a href=\"http://suzhou.house.163.com/news2/120627/8/973746-1.shtml\">非沪籍单身人士购房受限制</a></li>\r\n																<li><a href=\"http://suzhou.house.163.com/news2/120627/12/973791-1.shtml\">海上威尼斯可能创销售纪录</a></li>\r\n																<li><a href=\"http://suzhou.house.163.com/news2/120627/12/973758-1.shtml\">住宅成交量持续小幅回升之势</a></li>\r\n																<li><a href=\"http://suzhou.house.163.com/news2/120627/4/973777-1.shtml\">上半年北京新房均价跌破2万元</a></li>\r\n															</ul>\r\n						</div>\r\n						<ul class=\"mod-list main-list\">\r\n														<li><a href=\"http://suzhou.house.163.com/news2/120627/13/973628-1.shtml\">湖山新意：均价12600元/平米</a></li>\r\n														<li><a href=\"http://suzhou.house.163.com/news2/120627/13/973573-1.shtml\">路劲主场三期：均价8200—8800元/㎡左右</a></li>\r\n														<li><a href=\"http://suzhou.house.163.com/news2/120627/13/973551-1.shtml\">南山金城1958：折后均价7800—10000元/㎡</a></li>\r\n														<li><a href=\"http://suzhou.house.163.com/news2/120627/13/973526-1.shtml\">尚玲珑：均价17000-18000元/㎡左右</a></li>\r\n														<li><a href=\"http://suzhou.house.163.com/news2/120627/13/973506-1.shtml\">绿地华尔道名邸：折后均价11000、10000元/㎡</a></li>\r\n																					<li><a href=\"http://bbs.gz.house.163.com/\">[论坛]</a> <a href=\"http://bbs.gz.house.163.com/bbs/lovegz/254484122.html\">要打架先计算好成本</a> <a target=\"_blank\" href=\"http://bbs.gz.house.163.com/bbs/lovegz/254472848.html\">一生不能错过的20件事</a></li>\r\n													</ul>\r\n						<ul class=\"mod-list specialTopic-list\">\r\n														<li><a href=\"http://home.163.com/\" class=\"fB\">[家居]</a> | <a href=\"http://home.163.com/12/0627/21/851LO1KM00104JI8.html\">富洲老板欠薪跑路 艾森娜品牌烈火重生？</a></li>\r\n														<li><a href=\"http://home.163.com/\" class=\"fB\">[家居]</a> | <a href=\"http://home.163.com/photoview/2OHS0010/10741.html#p=850BNF4J2OHS0010\"><em class=\" \">50平捣鼓出地中海风</em></a> <a target=\"_blank\" href=\"http://bbs.home.163.com/bbs/homebbs/254462215.html\"><em class=\" \">10万装85平3居婚房</em></a></li>\r\n													</ul></div>\r\n        <div class=\"tab-con\">\r\n            <div id=\"house_bbs_1\">\r\n                <div class=\"imgText-temp-1 dotline clearfix\">\r\n                       <div class=\"mod-img main-img\">\r\n    <a href=\"http://bbs.gz.house.163.com/photoalbum/lovegz/254477637.html\"><img src=\"http://img2.cache.netease.com/house/2012/6/27/2012062717152915ff3.jpg\" alt=\"令人汗颜的高校宿舍\" title=\"令人汗颜的高校宿舍\" height=\"90\" width=\"120\"><cite>令人汗颜的高校宿舍</cite></a>\r\n</div>\r\n                    <h3 class=\"main-title\"><a href=\"http://bbs.gz.house.163.com/\">我有车有房瞎了眼娶个农村妞</a></h3>\r\n                    <ul class=\"mod-list main-list\">\r\n                                                <li><a href=\"http://jwlbswy.blog.163.com/blog/static/133871428201252785931221/\">河南新政被叫停是楼市太敏感</a></li>\r\n                                                <li><a href=\"http://jackzhudaming.blog.163.com/blog/static/111217680201252610482379/\">神九上天不易 治高房价更难</a></li>\r\n                                                <li><a href=\"http://yahaojingji.blog.163.com/blog/static/12839591420125279359789/\">联排别墅等中端产品领衔回涨</a></li>\r\n                                                <li><a href=\"http://lgs1.blog.163.com/blog/static/2767363201252794512478/\">楼市取消限购当在水到渠成时</a></li>\r\n                                            </ul>\r\n                </div>\r\n                <ul class=\"mod-list main-list\">\r\n                                        <li>[<a target=\"_blank\" href=\"http://bbs.gz.house.163.com/\">租房</a>] <a href=\"http://bbs.gz.house.163.com/bbs/share/254461038.html\">夏天来啦合租男变内裤男</a> <a target=\"_blank\" href=\"http://bbs.gz.house.163.com/photoalbum/lovegz/254482105.html\">各地的人造\"麦田\"</a></li>\r\n                                        <li>[<a target=\"_blank\" href=\"http://bbs.gz.house.163.com/\">宅人</a>] <a href=\"http://bbs.gz.house.163.com/bbs/lovegz/254483844.html\">大一新生入学必备七大武器</a> <a target=\"_blank\" href=\"http://bbs.gz.house.163.com/photoalbum/lovegz/254476226.html\">伦敦模特生活录</a></li>\r\n                                        <li>[<a target=\"_blank\" href=\"http://bbs.gz.house.163.com/\">买房</a>] <a href=\"http://bbs.gz.house.163.com/bbs/housestory/254461732.html\">买房让我的尊严就值10万</a> <a target=\"_blank\" href=\"http://bbs.gz.house.163.com/photoalbum/housegossip/254478240.html\">全球夏日消暑百态</a></li>\r\n                                        <li>[<a target=\"_blank\" href=\"http://house.163.com/special/zyipjump/\">二手</a>] <a href=\"http://house.163.com/special/zyipjump/\">来中原，买房进名校！</a> <a target=\"_blank\" href=\"http://bbs.gz.house.163.com/photoalbum/lovegz/254476491.html\">胡须大赛女子也疯狂</a></li>\r\n                                                            <li>[<a target=\"_blank\" href=\"http://bbs.home.163.com/bbs/homebbs/254459846.html\">话题</a>]<a href=\"http://bbs.home.163.com/bbs/homebbs/254459846.html\">郁闷!购瓷砖17万元 设计师竟拿回扣10万</a></li>\r\n                                        <li>[<a target=\"_blank\" href=\"http://bbs.home.163.com/list/homebbs.html\">装修</a>]<a href=\"http://bbs.home.163.com/bbs/riji/254305819.html\">教训!别铺波浪形瓷砖</a> <a target=\"_blank\" href=\"http://bbs.home.163.com/bbs/zxzb/254300112.html\">二手婚房装修求指点</a></li>\r\n                                        <li>[<a target=\"_blank\" href=\"http://bbs.home.163.com/list/homeshow.html\">征文</a>]<a href=\"http://bbs.home.163.com/bbs/homeshow/254311553.html\">晒11年的幸福生活</a> <a target=\"_blank\" href=\"http://bbs.home.163.com/bbs/children/253465750.html\">小公主与明星的POSE PK</a></li>\r\n                                        <li>[<a target=\"_blank\" href=\"http://bbs.home.163.com/list/homeshow.html\">分享</a>]<a href=\"http://bbs.home.163.com/bbs/riji/254112730.html\">家装小常识500例</a> <a target=\"_blank\" href=\"http://bbs.home.163.com/photoalbum/homebbs/254352420.html\">5万装清爽蓝色的家</a></li>\r\n                                    </ul>\r\n            </div>\r\n            <div id=\"house_bbs_2\" style=\"display:none;\">\r\n                <div class=\"imgText-temp-1 dotline clearfix\">\r\n                       <div class=\"mod-img main-img\">\r\n    <a href=\"http://bbs.bj.house.163.com/photoalbum/lxtx/254453937.html\"><img src=\"http://img4.cache.netease.com/house/2012/6/27/201206271551205f14b.jpg\" alt=\"国人的素质吓尿我了\" title=\"国人的素质吓尿我了\" height=\"90\" width=\"120\"><cite>国人的素质吓尿我了</cite></a>\r\n</div>\r\n                    <h3 class=\"main-title\"><a href=\"http://bbs.bj.house.163.com/bbs/yzsbs/254261202.html\"><em class=\" \">北京美国房价物价对比,无语了</em></a></h3>\r\n                    <ul class=\"mod-list main-list\">\r\n                                                <li><a href=\"http://jwlbswy.blog.163.com/blog/static/133871428201252785931221/\">河南新政被叫停是楼市太敏感</a></li>\r\n                                                <li><a href=\"http://jackzhudaming.blog.163.com/blog/static/111217680201252610482379/\">神九上天不易 治高房价更难</a></li>\r\n                                                <li><a href=\"http://yahaojingji.blog.163.com/blog/static/12839591420125279359789/\">联排别墅等中端产品领衔回涨</a></li>\r\n                                                <li><a href=\"http://lgs1.blog.163.com/blog/static/2767363201252794512478/\">楼市取消限购当在水到渠成时</a></li>\r\n                                            </ul>\r\n                </div>\r\n                <ul class=\"mod-list main-list\">\r\n                                        <li>[<a target=\"_blank\" href=\"http://bbs.bj.house.163.com/\">论坛</a>] <a href=\"http://bbs.bj.house.163.com/bbs/house_0fo5/254462295.html\">土匪在警察面前拦阻业主</a> <a target=\"_blank\" href=\"http://bbs.bj.house.163.com/bbs/house_0dvn/254460089.html\">凉水河臭气熏天</a></li>\r\n                                        <li>[<a target=\"_blank\" href=\"http://bbs.bj.house.163.com/\">业主</a>] <a href=\"http://bbs.bj.house.163.com/bbs/house_0i2e/254459829.html\">西斯莱公馆墙是空心的</a> <a target=\"_blank\" href=\"http://bbs.bj.house.163.com/bbs/house_0dhq/254460393.html\">双桥东路整改无期</a></li>\r\n                                        <li>[<a target=\"_blank\" href=\"http://bbs.bj.house.163.com/\">家庭</a>] <a href=\"http://bbs.bj.house.163.com/bbs/bride/254448467.html\">婆婆“重男轻女”我咋办</a> <a target=\"_blank\" href=\"http://bbs.bj.house.163.com/bbs/bride/254449472.html\">老婆嫌我吃软饭</a></li>\r\n                                        <li>[<a target=\"_blank\" href=\"http://bj.house.163.com/special/20120529_bjesfyzt/\">二手</a>] <a href=\"http://esf.house.163.com/zy/bj/?=http://bj.centanet.com/urllog/GoUrl.aspx?mod=fbe8bc09ab9d47b08c837f59e9796c42&amp;adv=http://bj.centanet.com/Findproperty/search/S_0_0_0_0_0_0_0_0_0_0_7_1_1/UHN%E5%9B%BD%E9%99%85%E6%9D%91\">北京南区地铁房出售</a> <a target=\"_blank\" href=\"http://esf.house.163.com/zy/bj/?=http://bj.centanet.com/urllog/GoUrl.aspx?mod=1caa819442d2415297598a88514890b6&amp;adv=http://bj.centanet.com/FindProperty/search/search-cHQ9UyZvMT0zJm8yPTE=.html?k=%e8%a5%bf%e5%b1%b1%e5%9b%bd%e9%99%85\">国际村无税精装房170万</a></li>\r\n                                                            <li>[<a target=\"_blank\" href=\"http://bbs.home.163.com/bbs/homebbs/254459846.html\">话题</a>]<a href=\"http://bbs.home.163.com/bbs/homebbs/254459846.html\">郁闷!购瓷砖17万元 设计师竟拿回扣10万</a></li>\r\n                                        <li>[<a target=\"_blank\" href=\"http://bbs.home.163.com/list/homebbs.html\">装修</a>]<a href=\"http://bbs.home.163.com/bbs/riji/254305819.html\">教训!别铺波浪形瓷砖</a> <a target=\"_blank\" href=\"http://bbs.home.163.com/bbs/zxzb/254300112.html\">二手婚房装修求指点</a></li>\r\n                                        <li>[<a target=\"_blank\" href=\"http://bbs.home.163.com/list/homeshow.html\">征文</a>]<a href=\"http://bbs.home.163.com/bbs/homeshow/254311553.html\">晒11年的幸福生活</a> <a target=\"_blank\" href=\"http://bbs.home.163.com/bbs/children/253465750.html\">小公主与明星的POSE PK</a></li>\r\n                                        <li>[<a target=\"_blank\" href=\"http://bbs.home.163.com/list/homeshow.html\">分享</a>]<a href=\"http://bbs.home.163.com/bbs/riji/254112730.html\">家装小常识500例</a> <a target=\"_blank\" href=\"http://bbs.home.163.com/photoalbum/homebbs/254352420.html\">5万装清爽蓝色的家</a></li>\r\n                                    </ul>\r\n            </div>\r\n            <div id=\"house_bbs_3\" style=\"display:none;\">\r\n                <div class=\"imgText-temp-1 dotline clearfix\">\r\n                       <div class=\"mod-img main-img\">\r\n    <a href=\"http://bbs.gz.house.163.com/bbs/cdenterprise/254445777.html#2\"><img src=\"http://img4.cache.netease.com/house/2012/6/27/20120627090254a86ec.jpg\" alt=\"一个外地人眼中的成都\" title=\"一个外地人眼中的成都\" height=\"90\" width=\"120\"><cite>一个外地人眼中的成都</cite></a>\r\n</div>\r\n                    <h3 class=\"main-title\"><a href=\"http://cd.house.163.com/special/0224sp/gf_cart.html\">全成都楼盘，免费坐车看</a></h3>\r\n                    <ul class=\"mod-list main-list\">\r\n                                                <li><a href=\"http://cd.house.163.com/12/0627/08/850AO9HK02240128.html\">易宪容：住房市场在“玩火”</a></li>\r\n                                                <li><a href=\"http://cd.house.163.com/12/0626/08/84TNKTCG02240128.html\">楼价正在重演09年惊天大逆转</a></li>\r\n                                                <li><a href=\"http://cd.house.163.com/12/0625/08/84R60CJL02240128.html\">郎咸平：造假运动如火如荼</a></li>\r\n                                                <li><a href=\"http://bbs.gz.house.163.com/bbs/house_o_0bkt/254291514.html\">房价可能上涨的城市</a></li>\r\n                                            </ul>\r\n                </div>\r\n                <ul class=\"mod-list main-list\">\r\n                                        <li><a href=\"http://bbs.gz.house.163.com/bbs/house_o_0lis/253467910.html#3\">[小易谈盘]天来国际：光华大道地铁楼盘，交通便利</a></li>\r\n                                        <li><a href=\"http://bbs.gz.house.163.com/bbs/house_o_0bk2/253470798.html\">6月买房听谁的？</a><a href=\"http://bbs.gz.house.163.com/bbs/house_o_0bkt/253755932.html\">反思：一个名族让一套房困住？</a></li>\r\n                                        <li><a href=\"http://bbs.gz.house.163.com/bbs/house_o_0l5h/254252159.html\">[楼盘看点]西郡英华：刚需要的就是品质和交通</a></li>\r\n                                        <li><a href=\"http://bbs.gz.house.163.com/bbs/house_o_0bkt/253673358.html\">[谈房说市]成都后花园的房子,入则宁静，出则喧嚣</a></li>\r\n                                        <li><a href=\"http://bbs.gz.house.163.com/bbs/house_o_0bhg/252860419.html\">[谈房说市]小城市买房也不错 ，九大房价最低城市</a></li>\r\n                                        <li><a href=\"http://bbs.gz.house.163.com/bbs/house_o_0bkt/252747766.html\">[房产热点]受养老购房模式影响主流户型大受欢迎</a></li>\r\n                                        <li><a href=\"http://bbs.gz.house.163.com/bbs/house_o_0l5h/253463012.html\">【楼盘播报】中铁大盘，低价格配大户型，30余万</a></li>\r\n                                        <li><a href=\"http://bbs.gz.house.163.com/bbs/house_o_0kye/253017986.html\">[楼市]给龙年买房人的忠告 </a><a href=\"http://bbs.gz.house.163.com/bbs/cdenterprise/252987040.html\">谈谈成都和重庆的差距</a></li>\r\n                                    </ul>\r\n            </div>\r\n        </div>\r\n        <div class=\"tab-con\">\r\n            <div id=\"home_default\">\r\n                <div class=\"imgText-temp-1 dotline clearfix\">\r\n                       <div class=\"mod-img main-img\">\r\n    <a href=\"http://home.163.com/photoview/2OHS0010/10740.html#p=850ADOAV2OHS0010\"><img src=\"http://img2.cache.netease.com/home/2012/6/27/201206272234236926b.jpg\" alt=\"晒时尚2居 吧台可收缩\" title=\"晒时尚2居 吧台可收缩\" height=\"90\" width=\"120\"><cite>晒时尚2居 吧台可收缩</cite></a>\r\n</div>\r\n                    <h3 class=\"main-title\"><a href=\"http://home.163.com/special/biyezhan1/\">三大美院作品网络独家巡展</a></h3>\r\n                    <ul class=\"mod-list main-list\">\r\n                                                <li><a href=\"http://home.163.com/photoview/2OHS0010/10744.html#p=850GLDF52OHS0010\"><em class=\" \">50平五彩单身小家 花费不到9万</em></a></li>\r\n                                                <li><a href=\"http://home.163.com/photoview/2OHS0010/10741.html#p=850BNF4J2OHS0010\"><em class=\" \">50平被设计师捣鼓出地中海风格</em></a></li>\r\n                                                <li><a href=\"http://home.163.com/photoview/4VFE0010/10745.html#p=8513F0M24VFE0010\"><em class=\" \">36.3平迷你小屋看如何超值利用</em></a></li>\r\n                                                <li><a href=\"http://home.163.com/photoview/4VFE0010/10746.html#p=8514C9D74VFE0010\"><em class=\" \">76平老屋翻新打造纯白浪漫世界</em></a></li>\r\n                                            </ul>\r\n                </div>\r\n                <ul class=\"mod-list main-list\">\r\n                                        <li>[<a target=\"_blank\" href=\"http://home.163.com/maichang/\">卖场</a>] <a href=\"http://home.163.com/12/0627/17/8519EGVK00104JVC.html\">宜家遭供应商“吐槽” “问题产品”未下架</a></li>\r\n                                        <li>[<a target=\"_blank\" href=\"http://home.163.com/jiaju/\">新闻</a>] <a href=\"http://home.163.com/12/0627/21/851LO1KM00104JI8.html\">富洲老板欠薪跑路 艾森娜品牌烈火重生？</a></li>\r\n                                        <li>[<a target=\"_blank\" href=\"http://home.163.com/diban/\">曝光</a>] <a href=\"http://home.163.com/12/0627/22/851Q6NGG00104JVC.html\">罗恩 永吉 柏高等地板品牌被判质量不合格</a></li>\r\n                                        <li>[<a target=\"_blank\" href=\"http://home.163.com/jiaju/\">攻略</a>] <a href=\"http://home.163.com/12/0627/22/851QN59Q00104JIB.html\">沙发这样摆最时尚 你家客厅摆对了没？</a></li>\r\n                                        <li>[<a target=\"_blank\" href=\"http://home.163.com/weiyu/\">推荐</a>] <a href=\"http://home.163.com/12/0627/22/851OER2H00104JK2.html\">欧风壁挂式台盆柜 精致小户型浴室装修首选</a></li>\r\n                                        <li>[<a target=\"_blank\" href=\"http://bbs.home.163.com/list/jjfs.html\">风水</a>] <a href=\"http://home.163.com/12/0627/22/851Q842H00104JIK.html\">餐桌选择有讲究 摆放不当也容易家庭惹灾祸</a></li>\r\n                                    </ul>\r\n                <ul class=\"mod-list specialTopic-list\">\r\n                                        <li><span><a target=\"_blank\" href=\"http://home.163.com/special/faenzaloversshow/\">“秀爱达人”晒情侣照赢万元奖</a></span> | <a href=\"http://home.163.com/special/biyezhan4/\">家居原创新势力</a></li>\r\n                                        <li><span><a href=\"http://home.163.com/special/course29/\">公开课:八招选购好瓷砖</a></span> | <a href=\"http://home.163.com/special/course30/\">卫浴产品选购全攻略</a></li>\r\n                                    </ul>\r\n            </div>\r\n            <div id=\"home_cd\" style=\"display:none\">\r\n                <div class=\"imgText-temp-1 dotline clearfix\">\r\n                       <div class=\"mod-img main-img\">\r\n    <a href=\"http://sc.home.163.com/12/0409/09/7UL146S6022501I4.html\"><img src=\"http://img4.cache.netease.com/home/2012/4/9/20120409185852791df.jpg\" alt=\"家具+色彩+细节\" title=\"家具+色彩+细节\" height=\"90\" width=\"120\"><cite>家具+色彩+细节</cite></a>\r\n</div>\r\n                    <h3 class=\"main-title\"><a href=\"http://sc.home.163.com/12/0410/09/7UNGTT2N022501HV.html\">亚洲沙发大王状告蓉家具企业</a></h3>\r\n                    <ul class=\"mod-list main-list\">\r\n                                                <li><a href=\"http://sc.home.163.com/12/0409/18/7ULTH1CR022501JU.html\">[恒美门窗]定制服务 想你所想</a></li>\r\n                                                <li><a href=\"http://sc.home.163.com/12/0409/17/7ULPV8KN022501JU.html\">[宜华家居]义卖捐赠尿毒症患者</a></li>\r\n                                                <li><a href=\"http://sc.home.163.com/12/0409/14/7ULIA43H022501I1.html\">[雅兰床垫]岁月鉴证 恒久自然</a></li>\r\n                                                <li><a href=\"http://sc.home.163.com/12/0409/18/7ULVSED4022501JU.html\">[成都科星涂装]\"秒杀\"行业标准</a></li>\r\n                                            </ul>\r\n                </div>\r\n                <ul class=\"mod-list main-list\">\r\n                                        <li>[<a target=\"_blank\" href=\"http://home.163.com/maichang/\">卖场</a>] <a href=\"http://home.163.com/12/0627/17/8519EGVK00104JVC.html\">宜家遭供应商“吐槽” “问题产品”未下架</a></li>\r\n                                        <li>[<a target=\"_blank\" href=\"http://home.163.com/jiaju/\">新闻</a>] <a href=\"http://home.163.com/12/0627/21/851LO1KM00104JI8.html\">富洲老板欠薪跑路 艾森娜品牌烈火重生？</a></li>\r\n                                        <li>[<a target=\"_blank\" href=\"http://home.163.com/diban/\">曝光</a>] <a href=\"http://home.163.com/12/0627/22/851Q6NGG00104JVC.html\">罗恩 永吉 柏高等地板品牌被判质量不合格</a></li>\r\n                                        <li>[<a target=\"_blank\" href=\"http://home.163.com/jiaju/\">攻略</a>] <a href=\"http://home.163.com/12/0627/22/851QN59Q00104JIB.html\">沙发这样摆最时尚 你家客厅摆对了没？</a></li>\r\n                                        <li>[<a target=\"_blank\" href=\"http://home.163.com/weiyu/\">推荐</a>] <a href=\"http://home.163.com/12/0627/22/851OER2H00104JK2.html\">欧风壁挂式台盆柜 精致小户型浴室装修首选</a></li>\r\n                                        <li>[<a target=\"_blank\" href=\"http://bbs.home.163.com/list/jjfs.html\">风水</a>] <a href=\"http://home.163.com/12/0627/22/851Q842H00104JIK.html\">餐桌选择有讲究 摆放不当也容易家庭惹灾祸</a></li>\r\n                                    </ul>\r\n                <ul class=\"mod-list specialTopic-list\">\r\n                                        <li><span><a target=\"_blank\" href=\"http://home.163.com/special/faenzaloversshow/\">“秀爱达人”晒情侣照赢万元奖</a></span> | <a href=\"http://home.163.com/special/biyezhan4/\">家居原创新势力</a></li>\r\n                                        <li><span><a href=\"http://home.163.com/special/course29/\">公开课:八招选购好瓷砖</a></span> | <a href=\"http://home.163.com/special/course30/\">卫浴产品选购全攻略</a></li>\r\n                                    </ul>\r\n            </div>\r\n        </div>\r\n    </div>', null, null, null, '1340854484', '1340854484', '7', '0', '0');
INSERT INTO `ps_blog` VALUES ('38', '第一个博客 修改 2', '1', '1', '第一个博客内容 修改 2', null, null, null, '1340954329', '1340954388', '8', '0', '0');
INSERT INTO `ps_blog` VALUES ('39', '标题', '1', '0', '内容sdaf asdf 盛大发生的发色发生', null, null, null, '1340957121', '1340957135', '8', '0', '0');

-- ----------------------------
-- Table structure for `ps_comment`
-- ----------------------------
DROP TABLE IF EXISTS `ps_comment`;
CREATE TABLE `ps_comment` (
  `comment_id` int(10) unsigned NOT NULL AUTO_INCREMENT COMMENT '评论id',
  `comment_author` int(10) unsigned NOT NULL COMMENT '用户id',
  `comment_blog` int(11) unsigned NOT NULL COMMENT '博客id',
  `comment_parent` int(11) unsigned NOT NULL DEFAULT '0' COMMENT '被回复者id',
  `comment_text` text NOT NULL COMMENT '评论内容',
  `comment_publish` int(11) NOT NULL DEFAULT '0' COMMENT '评论时间',
  PRIMARY KEY (`comment_id`)
) ENGINE=InnoDB AUTO_INCREMENT=2 DEFAULT CHARSET=utf8;

-- ----------------------------
-- Records of ps_comment
-- ----------------------------
INSERT INTO `ps_comment` VALUES ('1', '8', '39', '0', '12131313', '1340961996');

-- ----------------------------
-- Table structure for `ps_login`
-- ----------------------------
DROP TABLE IF EXISTS `ps_login`;
CREATE TABLE `ps_login` (
  `login_id` int(10) unsigned NOT NULL AUTO_INCREMENT COMMENT '用户id',
  `login_name` varchar(255) NOT NULL COMMENT '登录名 使用email',
  `login_pass` char(32) NOT NULL COMMENT '登录密码 md5加密',
  `login_salt` char(20) NOT NULL COMMENT 'md5(salt . pass) md5加密盐度',
  `login_online` enum('0','1') NOT NULL DEFAULT '0' COMMENT '是否在线',
  `login_last_ip` varchar(16) NOT NULL DEFAULT '' COMMENT '最后登录ip',
  `login_last_time` int(11) NOT NULL DEFAULT '0' COMMENT '最后登录时间',
  `login_count` int(11) NOT NULL DEFAULT '0' COMMENT '登录次数',
  `login_frozen` enum('0','1') NOT NULL DEFAULT '0' COMMENT '是否被冻结',
  `login_all_time` int(11) DEFAULT NULL COMMENT '总计在线时间',
  `login_resetpw_time` int(11) DEFAULT NULL COMMENT '重置密码过期时间戳 （1970年1月1日到某天的秒数）',
  `login_resetpw_rand` char(8) DEFAULT NULL COMMENT '重置密码连接的随机字符串',
  PRIMARY KEY (`login_id`),
  UNIQUE KEY `login_name_unique` (`login_name`),
  UNIQUE KEY `login_id_unique` (`login_id`)
) ENGINE=InnoDB AUTO_INCREMENT=9 DEFAULT CHARSET=utf8;

-- ----------------------------
-- Records of ps_login
-- ----------------------------
INSERT INTO `ps_login` VALUES ('7', 'kaiwen387@163.com', '3e306cfb76abdae5fda2333d662e862b', '6c8f6b53a93da2caddaf', '0', '127.0.0.1', '1340774095', '1', '0', null, null, null);
INSERT INTO `ps_login` VALUES ('8', 'kaiwen386@163.com', 'ae8fd44a1de86ff04555936557467682', 'd74c069fc843ec1f9e66', '0', '127.0.0.1', '1340781632', '1', '0', null, null, null);

-- ----------------------------
-- Table structure for `ps_relationship`
-- ----------------------------
DROP TABLE IF EXISTS `ps_relationship`;
CREATE TABLE `ps_relationship` (
  `relationship_id` int(10) unsigned NOT NULL AUTO_INCREMENT,
  `relationship_user` int(10) unsigned NOT NULL COMMENT '用户',
  `relationship_follower` int(10) unsigned NOT NULL COMMENT '关注者',
  `relationship_mode` enum('1','2','3') NOT NULL DEFAULT '1' COMMENT '1user关注follower  2follower关注user  3互相关注',
  PRIMARY KEY (`relationship_id`),
  UNIQUE KEY `relation_id_unique` (`relationship_id`),
  KEY `re_follower_id_forei` (`relationship_follower`),
  KEY `re_user_id_forei` (`relationship_user`),
  CONSTRAINT `re_follower_id_forei` FOREIGN KEY (`relationship_follower`) REFERENCES `ps_login` (`login_id`) ON DELETE CASCADE,
  CONSTRAINT `re_user_id_forei` FOREIGN KEY (`relationship_user`) REFERENCES `ps_login` (`login_id`) ON DELETE CASCADE
) ENGINE=InnoDB AUTO_INCREMENT=2 DEFAULT CHARSET=utf8;

-- ----------------------------
-- Records of ps_relationship
-- ----------------------------
INSERT INTO `ps_relationship` VALUES ('1', '7', '8', '3');

-- ----------------------------
-- Table structure for `ps_user`
-- ----------------------------
DROP TABLE IF EXISTS `ps_user`;
CREATE TABLE `ps_user` (
  `user_id` int(10) unsigned NOT NULL COMMENT '账户id',
  `user_nick` tinytext NOT NULL COMMENT '昵称 初始为登录名@前部分',
  `user_sex` enum('0','1','2') DEFAULT '0' COMMENT '1男 2女 0人妖',
  `user_photo` longblob COMMENT '头像，限制63k以下',
  `user_photo_type` varchar(32) DEFAULT NULL COMMENT 'photo头像文件格式png,jpg,bmp,...',
  `user_blog_name` tinytext COMMENT '博客名称 默认为登录名@前部分',
  `user_blog_info` tinytext COMMENT '博客介绍',
  `user_domain` varchar(128) DEFAULT NULL COMMENT '个性域名 默认为登录名@前部分加上网站url',
  `user_followers` int(10) unsigned NOT NULL DEFAULT '0' COMMENT '关注者数量',
  `user_befollowers` int(10) unsigned NOT NULL DEFAULT '0' COMMENT '被关注者',
  `user_blogs` int(10) unsigned NOT NULL DEFAULT '0' COMMENT '发表博客数',
  PRIMARY KEY (`user_id`),
  UNIQUE KEY `user_id_unique` (`user_id`) USING BTREE,
  CONSTRAINT `user_id_forei` FOREIGN KEY (`user_id`) REFERENCES `ps_login` (`login_id`) ON DELETE CASCADE
) ENGINE=InnoDB DEFAULT CHARSET=utf8 ROW_FORMAT=COMPACT;

-- ----------------------------
-- Records of ps_user
-- ----------------------------
INSERT INTO `ps_user` VALUES ('7', 'kaiwen387', '0', 0xFFD8FFE000104A4649460001010100F000F00000FFE20C584943435F50524F46494C4500010100000C484C696E6F021000006D6E74725247422058595A2007CE00020009000600310000616373704D5346540000000049454320735247420000000000000000000000000000F6D6000100000000D32D4850202000000000000000000000000000000000000000000000000000000000000000000000000000000000000000000000001163707274000001500000003364657363000001840000006C77747074000001F000000014626B707400000204000000147258595A00000218000000146758595A0000022C000000146258595A0000024000000014646D6E640000025400000070646D6464000002C400000088767565640000034C0000008676696577000003D4000000246C756D69000003F8000000146D6561730000040C0000002474656368000004300000000C725452430000043C0000080C675452430000043C0000080C625452430000043C0000080C7465787400000000436F70797269676874202863292031393938204865776C6574742D5061636B61726420436F6D70616E790000646573630000000000000012735247422049454336313936362D322E31000000000000000000000012735247422049454336313936362D322E31000000000000000000000000000000000000000000000000000000000000000000000000000000000000000000000000000058595A20000000000000F35100010000000116CC58595A200000000000000000000000000000000058595A200000000000006FA2000038F50000039058595A2000000000000062990000B785000018DA58595A2000000000000024A000000F840000B6CF64657363000000000000001649454320687474703A2F2F7777772E6965632E636800000000000000000000001649454320687474703A2F2F7777772E6965632E63680000000000000000000000000000000000000000000000000000000000000000000000000000000000000000000064657363000000000000002E4945432036313936362D322E312044656661756C742052474220636F6C6F7572207370616365202D207352474200000000000000000000002E4945432036313936362D322E312044656661756C742052474220636F6C6F7572207370616365202D20735247420000000000000000000000000000000000000000000064657363000000000000002C5265666572656E63652056696577696E6720436F6E646974696F6E20696E2049454336313936362D322E3100000000000000000000002C5265666572656E63652056696577696E6720436F6E646974696F6E20696E2049454336313936362D322E31000000000000000000000000000000000000000000000000000076696577000000000013A4FE00145F2E0010CF140003EDCC0004130B00035C9E0000000158595A2000000000004C09560050000000571FE76D6561730000000000000001000000000000000000000000000000000000028F0000000273696720000000004352542063757276000000000000040000000005000A000F00140019001E00230028002D00320037003B00400045004A004F00540059005E00630068006D00720077007C00810086008B00900095009A009F00A400A900AE00B200B700BC00C100C600CB00D000D500DB00E000E500EB00F000F600FB01010107010D01130119011F0125012B01320138013E0145014C0152015901600167016E0175017C0183018B0192019A01A101A901B101B901C101C901D101D901E101E901F201FA0203020C0214021D0226022F02380241024B0254025D02670271027A0284028E029802A202AC02B602C102CB02D502E002EB02F50300030B03160321032D03380343034F035A03660372037E038A039603A203AE03BA03C703D303E003EC03F9040604130420042D043B0448045504630471047E048C049A04A804B604C404D304E104F004FE050D051C052B053A05490558056705770586059605A605B505C505D505E505F6060606160627063706480659066A067B068C069D06AF06C006D106E306F507070719072B073D074F076107740786079907AC07BF07D207E507F8080B081F08320846085A086E0882089608AA08BE08D208E708FB09100925093A094F09640979098F09A409BA09CF09E509FB0A110A270A3D0A540A6A0A810A980AAE0AC50ADC0AF30B0B0B220B390B510B690B800B980BB00BC80BE10BF90C120C2A0C430C5C0C750C8E0CA70CC00CD90CF30D0D0D260D400D5A0D740D8E0DA90DC30DDE0DF80E130E2E0E490E640E7F0E9B0EB60ED20EEE0F090F250F410F5E0F7A0F960FB30FCF0FEC1009102610431061107E109B10B910D710F511131131114F116D118C11AA11C911E81207122612451264128412A312C312E31303132313431363138313A413C513E5140614271449146A148B14AD14CE14F01512153415561578159B15BD15E0160316261649166C168F16B216D616FA171D17411765178917AE17D217F7181B18401865188A18AF18D518FA19201945196B199119B719DD1A041A2A1A511A771A9E1AC51AEC1B141B3B1B631B8A1BB21BDA1C021C2A1C521C7B1CA31CCC1CF51D1E1D471D701D991DC31DEC1E161E401E6A1E941EBE1EE91F131F3E1F691F941FBF1FEA20152041206C209820C420F0211C2148217521A121CE21FB22272255228222AF22DD230A23382366239423C223F0241F244D247C24AB24DA250925382568259725C725F726272657268726B726E827182749277A27AB27DC280D283F287128A228D429062938296B299D29D02A022A352A682A9B2ACF2B022B362B692B9D2BD12C052C392C6E2CA22CD72D0C2D412D762DAB2DE12E162E4C2E822EB72EEE2F242F5A2F912FC72FFE3035306C30A430DB3112314A318231BA31F2322A3263329B32D4330D3346337F33B833F1342B3465349E34D83513354D358735C235FD3637367236AE36E937243760379C37D738143850388C38C839053942397F39BC39F93A363A743AB23AEF3B2D3B6B3BAA3BE83C273C653CA43CE33D223D613DA13DE03E203E603EA03EE03F213F613FA23FE24023406440A640E74129416A41AC41EE4230427242B542F7433A437D43C044034447448A44CE45124555459A45DE4622466746AB46F04735477B47C04805484B489148D7491D496349A949F04A374A7D4AC44B0C4B534B9A4BE24C2A4C724CBA4D024D4A4D934DDC4E254E6E4EB74F004F494F934FDD5027507150BB51065150519B51E65231527C52C75313535F53AA53F65442548F54DB5528557555C2560F565C56A956F75744579257E0582F587D58CB591A596959B85A075A565AA65AF55B455B955BE55C355C865CD65D275D785DC95E1A5E6C5EBD5F0F5F615FB36005605760AA60FC614F61A261F56249629C62F06343639763EB6440649464E9653D659265E7663D669266E8673D679367E9683F689668EC6943699A69F16A486A9F6AF76B4F6BA76BFF6C576CAF6D086D606DB96E126E6B6EC46F1E6F786FD1702B708670E0713A719571F0724B72A67301735D73B87414747074CC7528758575E1763E769B76F8775677B37811786E78CC792A798979E77A467AA57B047B637BC27C217C817CE17D417DA17E017E627EC27F237F847FE5804780A8810A816B81CD8230829282F4835783BA841D848084E3854785AB860E867286D7873B879F8804886988CE8933899989FE8A648ACA8B308B968BFC8C638CCA8D318D988DFF8E668ECE8F368F9E9006906E90D6913F91A89211927A92E3934D93B69420948A94F4955F95C99634969F970A977597E0984C98B89924999099FC9A689AD59B429BAF9C1C9C899CF79D649DD29E409EAE9F1D9F8B9FFAA069A0D8A147A1B6A226A296A306A376A3E6A456A4C7A538A5A9A61AA68BA6FDA76EA7E0A852A8C4A937A9A9AA1CAA8FAB02AB75ABE9AC5CACD0AD44ADB8AE2DAEA1AF16AF8BB000B075B0EAB160B1D6B24BB2C2B338B3AEB425B49CB513B58AB601B679B6F0B768B7E0B859B8D1B94AB9C2BA3BBAB5BB2EBBA7BC21BC9BBD15BD8FBE0ABE84BEFFBF7ABFF5C070C0ECC167C1E3C25FC2DBC358C3D4C451C4CEC54BC5C8C646C6C3C741C7BFC83DC8BCC93AC9B9CA38CAB7CB36CBB6CC35CCB5CD35CDB5CE36CEB6CF37CFB8D039D0BAD13CD1BED23FD2C1D344D3C6D449D4CBD54ED5D1D655D6D8D75CD7E0D864D8E8D96CD9F1DA76DAFBDB80DC05DC8ADD10DD96DE1CDEA2DF29DFAFE036E0BDE144E1CCE253E2DBE363E3EBE473E4FCE584E60DE696E71FE7A9E832E8BCE946E9D0EA5BEAE5EB70EBFBEC86ED11ED9CEE28EEB4EF40EFCCF058F0E5F172F1FFF28CF319F3A7F434F4C2F550F5DEF66DF6FBF78AF819F8A8F938F9C7FA57FAE7FB77FC07FC98FD29FDBAFE4BFEDCFF6DFFFFFFDB0043000302020302020303030304030304050805050404050A070706080C0A0C0C0B0A0B0B0D0E12100D0E110E0B0B1016101113141515150C0F171816141812141514FFDB00430103040405040509050509140D0B0D1414141414141414141414141414141414141414141414141414141414141414141414141414141414141414141414141414FFC0001108004B004B03011100021101031101FFC4001E000001050003010100000000000000000008030405070901060A0002FFC4003A1000020103030205030203040B000000000102030405110006120721081322314114516132711581A10952629116172333424494B1C1D1F1FFC4001B01000105010100000000000000000000000500010203040607FFC4002C1100020201030401030305010000000000010200110312213104415161132271F03291C1144281A1B1D1FFDA000C03010002110311003F00262D1D54BD503372AE964556CAAF987B7EDA0C19877840AA9E44EC557D6EAEB759AB6EB74BA9A6A1B7C32D6D44AABDD228D0BB9C0F7C2A9EDF27B7CEA6323B1ABDE45B128162541D0DFED0B93ACF71A9B6565B25DB17269645A282A674992741EA5466500C73F0EE6323070789ED8D6A7574164D89585045D4BCE1EB3DDCAC9189A201860F24C95FDB54EB611B4A93226ABAAD35253C93D5D5414D4D4F1B4D2D554B08E38914659D9C900003B9274D64ED254BDA746E96F8DDDBBD5ABF5E2CBB5EF555709AD7179E6A67A56861A98C3056680B777552CA0E403EB5206356BA64C606A911A4EF2C1FF5CD7A9A9DC1A8F2F8B762A3BEAB2CDE6200788D1FAAF7D963981AE6EFDBD38190751D4DE64828F138B2EEFABA193EA1656CC9FA949C6750068CB34D893336F1A8A991A42C472FB9D316323A7D4A2A958191D9DC0556FD4476274F15CA3FC58F53A92CBB72D364FA5A9992AAA16AEAA68A3692368503068D95483824AE724038EE0EB574F8CD96F122CC0D0946C1E232CBBD3A61BC92F5B4A867DCD25408ECF75B2C0292A615039279ADCBFDAA2B1720125979E1081E9368C191322E93B77B96164D249E4CB8FA2BE22DF64F4F663D428AEF2D55255186825A785249EA202A0207467528410465BDC63E749F0FC8F58EA507E91660BDBDBACD77EB9759A3A1DDB595F66DAB577058BF84452F15A68338453F0E7D892411927B7B6B6E8F8319282DA4507C8C2E103E1E374ECDB1757E686DD2476DAD17092C5456AA8662CD48F1E1B89E272C190BBB721963F248D0C7F90A82DE2C99AD9545810B05AFE008CE324819D5244CE0F695875E6FD7BB56CEA696C8D22D43DC204774FB72F483F82719D69E9421C94FE0CA33960B6B2E0DB75F5F26DCB649758D20B83459A88D0E42BFCE0EB1369D442F137632748D7CC9092F4B1B9524A91F1A4019596DE54C972BCC51CF14748EE80723232655157E4FFEF43F50BB261923915033F175D72ACB85DA2B0D0D571829A029CE94A00C58E5B9F28B97E30A718F93AE9BA4C2063D446E604CCE4BEDC41D769D7BA55472D4DD3E8638CE62E48EF839EEC0AFE9C7F78FF91EFADEDB0D84CD64CBABAF9D34EA274762DAD55B8E7B7D75A776527D65B67B4C9E6872847A490065BD43EE0823B9C6B361CA992F4F225D446C7BC57AEFE18378F875BFED8A1DDB556B96EB74A04B953FF0BA9F35E9581198E4520302A481C8654E0F127074F8B3AE7040FCB8F5A0826589E0AB74D876DF522964BA5AEA2E172AAADE3F5B1D1495B24723120B1E2790EE58E403F39F9D0FEB11B4583B0FF135A30BE399A4B74E90C770B8C958B76A88FCD6E7C3C91D8FCFEA24E7F7D7307AB6E04D4117B890579E8A1AE8A3885E25688CC864F3205ECA0F7C63E7497AC20D911CA29121B6DF41EBB6F455C936EDAEBA19E7322B54C618A2E7B28FB6356375E5AA96A56B81546E6E32B96C8BA2D74C04557300D8122C580DF9D4C75608E659FD3E33BC0B7AC5E212F7D58A4B95FEBC9B16DBA5474B26DB5721140FD334BC702698E3B96F4AFB28EDDFA2E9BA24E94055DDBB9FE0781F860B7CA729B6E3C41D3A33D259BAC97CB9EE2DD17392D7B3AD4C2A2F377761CB8939F2E3E4705C8F61F191DB44726429B0DC9E250773EA33A4D857CBCEE1BB566CAD977A92C61659E964956493C9A61C8867978846381DC11DFD80CEAC2EAA0076DE428C27763F83EDDD06D1DAB5D78A7BF5E2E71DB64BA505A8BC92A5BD030CD3A4458F173C83640186EDEAE2D816DD522B301407FDF7358C44A83DE773BFF87DDC7D3FDC9FE95750EC778BE53DD2D30CD517CC8923924303A2A54F356649C0558CC6081C91487190354AE40540C7B78FDFF3FF0024DB9FAB7907D22DAB74E84F8CAB5D2EEBB7C35F62DE743FC5EC7596A12C703A18C49115270EAEAA0A3A1248623DC104AEA48CDD31D2771CC96014F4669CFD489A213A9596170181C1F63F275C69041308546CC627E40600F923DB3A8ED24223E4AB1E4AC08FC1EDA68F1360031F567F9E95C53046F9BAA7AC5F29DD8C31C650463B28503006BD4C0139E96EF863D955FD59B68DBED3A51ED7A2AE4ACAC8D401F52E3BF124919C0F8EDA1DD4E75C03501BCBB1E1391B99A05BDFA9741D38DB56A9ABA9CD06DCA9AC8ADB553891552DF1B828B50F8EC503F0047BE1B3F1A01843656206E79845D020105DF17EB78DC3D56DA975D8F7CF32E749430DBD69A8EE48ACCED2304E243672799181DFB02338D15C39506220F1EE64F81CE4E3ED34EBA755726C5E84EDCB56EADCF26EFBB8A610DCAE172916691E49199A4472114111F2318E4AA708390073AC797A84F8869EF1D703FCA411C413AD95B0EE7DB92DA6FD079770D91BDE4A9DB9572C6AAEF6E689CB44197FE1064C9F821948FD27102405FA4FEA12C5521F71C185C24A1E8A22923C6AE8A55BDF2300EB9A620589BA319E4320E2EEC0E719E1D8EA82D51F69CC3E518B2652491FA718C690AE498A7D24B12395590903FC0352B51DE3CF3A72D53494DEE47ABE7BE75E985F680BFB6E58BD07EAB5474D77852D50F5533B847424FB13DC0FC9FDB59B228CABA4C48D46C4D249ABED5D50D815349590AC96AAD84C73A83CCAAFF789ED820E08F7EE35CF90D832023910A2B7CAB46529B2F60DAF6DDFF64DBAB289A4EA9DA373C12474559435520BDD047C9A1969E58D0A9465E2AD82194AF7C77D127CC1C31E548FF7E0CDFD28C4028C8DA4826CFAED5E7D7BD8F6B3B3A9FBBEDBB36DD7CA9FE311D051D0BCD3F39DE348AA64918BCAECC063933311C89C6028FCE81B5E5C940DCA01D29A987E7680C74E3AB957D78EAA54DB69A8FE8AA445E5AB509E4921E4B87041C03FA830EC48C119C772ED8C74F8B9B98ADB2BDD7334D6D50350D9E8A0AA3CFC88D632D9043606338CE47F9EB997617666B1CC4EB16266CB4A429F61C8FF00E75412B2627E20B689D4A45214948F4866CF2D2540DB0889EF1C8B257200A50923E4479D59F0B7891D43CCF3739ED8D77D39FBDAA39B7122A90AB2210477770A3FCFE34D24B34C7C38D54766D936CA5BFC5F4AAF1C415AA252DE5C40E7971C6133EE07B8EE4F73A09D502CFF004C298081CC2828F7D5A2976F9349B869E788C6EF50F4F3031C51152C7D60E17284311DFB63B1246851C6D7C4DA1D667B7899F1032F56AB2C560DABF52B6760648AA2398F3ABF33211CE3BA02158146EEA50E468EF4D83E152CDCCC6D90676DB810C0F029D1CA4D9BB6A6ADE0895AC8AF27140CC323B67EE7B7BE7423AECA5CD769B028410A9959E929B8B399A4E7EA91A1015BE47A73DB4109206D1B93136B9A158D26A484E5BFDE3211CB1F39F8D3876ADC03169F71F4974A268232F4312B609E50CB8C1FFBEAEF912B7591A60798DCDF547FCD54FF00D491A8FCE3DFEF1F4FA9E7088C6BD0489CEC5E82A9A86BA9EA509568A457057DC1073DB4D1C6C6E1C1D0FF0010FB5F7658A6B16EB29471B405A792494AE62500B96604714C02B8CE5B936703B6B0E6C26F5A4D68E06C614DBD36B6D0EB5F87FACA3D9891525F6AEEB48B14F4CDE4494E22785D88231C59A37E23DB8F303E31A1AA5B03DB4D5B6514257962E895A27DB172DE17A80D16EAA1BCB6DBAC88D23C51D32C10A101D78E172C4F76CA9CA9C9E5AD191D852F6FE636060492B09DE81527F08B6540A6E70C48569D076270A076CF7C11EF8F7D03EB5E889B178372D47A5FAE88C8D5079050AECD20EDF6EC7DBF9687E90C2EE4B61199B7AD2A02F52A1738263704FF0021F3F91A87C55DE3DC505A1648805AC966017922AC607A7E3E35209ECC5663792CE9248CDE52364FB804FF005D44AFA92B9E79AF764A9B05DAA2DB5698AA81F83000E0FD88C804823DBF7D7A40208B139E228D4BFF0068F8551BCBA422F943581AFA733083982B8EC38363F4FB31EFDFDB599F3047D278970C6088CFA6FE1DAB2F35663ABA7A83508DE5FD370ECDC70CC4FF0087381A59732A2DCB31E3B21409A43D07F0DB7FE9B6CCBEEE4B3C6F72B9C366924B7DBBCB1379954570CDE5B1C3B1001C1F72ABEFEC448C87A861B6C3797E4031023B9DA105BB771472786E89E5A3AC5ADA9A68E1F26EA84D555F065579270E8ACDCC2E58E0672083EDABF2E40D8858A3EF9FBCA31E3D39481BFDA46ECCDB71DA36DC14F043CE772649E473EB2ED82D8C7CF72339C9C7B6B94CB94E5626A15E369DA69956305043CB99CE2570A635030300F7D4545768A355B4C13B4D3C7291C460AB48083DFDB3DFBFE7F6D30C61AEA3DF99CD10549A39445988A6248E69F89047B7123DFF003FD34EAB46FF00988C426B9414F2B4720A88DD4E0A8E440FE78D3D7E5C5302FACCC61EA4DD4467871F29578F6C011A81FF00DD7A0A7E910139927D2BEA26E5B150DDE8E82F3554B4AD4CB9891BD238B1618FB77FB7BFCEA2EA1B91258D899AD5D19B5D1D5ED4B6554B4D13D4CB49073938005B2013FD493AE63393AC8F70BE2FD20C2E36028A6B544918E2AA9803EC3B6B5F4A48E20FEA7733A1EF6B8545C37F55D354C9E6C14C16389180C2A95248FCE4807BFDB583AFC8C4EE66BE99404B124AA5BC84B534602B4B4AF239C0EEC19707FAE8611414FA9A00BD5F78DFEAE568325F242B303819C8C63481DA3D08853CAD342D2B9064113302001DFF006D56A6F7314FA9155ED149398D3CE70559C2004839D58BBE304C5DE234B593AC20095C0048033F93AA41314FFFD9, 'image/jpeg', 'kaiwen387', null, 'kaiwen387.pisceshow.com', '1', '1', '14');
INSERT INTO `ps_user` VALUES ('8', 'kaiwen386', '0', 0xFFD8FFE000104A46494600010101004800480000FFE20C584943435F50524F46494C4500010100000C484C696E6F021000006D6E74725247422058595A2007CE00020009000600310000616373704D5346540000000049454320735247420000000000000000000000000000F6D6000100000000D32D4850202000000000000000000000000000000000000000000000000000000000000000000000000000000000000000000000001163707274000001500000003364657363000001840000006C77747074000001F000000014626B707400000204000000147258595A00000218000000146758595A0000022C000000146258595A0000024000000014646D6E640000025400000070646D6464000002C400000088767565640000034C0000008676696577000003D4000000246C756D69000003F8000000146D6561730000040C0000002474656368000004300000000C725452430000043C0000080C675452430000043C0000080C625452430000043C0000080C7465787400000000436F70797269676874202863292031393938204865776C6574742D5061636B61726420436F6D70616E790000646573630000000000000012735247422049454336313936362D322E31000000000000000000000012735247422049454336313936362D322E31000000000000000000000000000000000000000000000000000000000000000000000000000000000000000000000000000058595A20000000000000F35100010000000116CC58595A200000000000000000000000000000000058595A200000000000006FA2000038F50000039058595A2000000000000062990000B785000018DA58595A2000000000000024A000000F840000B6CF64657363000000000000001649454320687474703A2F2F7777772E6965632E636800000000000000000000001649454320687474703A2F2F7777772E6965632E63680000000000000000000000000000000000000000000000000000000000000000000000000000000000000000000064657363000000000000002E4945432036313936362D322E312044656661756C742052474220636F6C6F7572207370616365202D207352474200000000000000000000002E4945432036313936362D322E312044656661756C742052474220636F6C6F7572207370616365202D20735247420000000000000000000000000000000000000000000064657363000000000000002C5265666572656E63652056696577696E6720436F6E646974696F6E20696E2049454336313936362D322E3100000000000000000000002C5265666572656E63652056696577696E6720436F6E646974696F6E20696E2049454336313936362D322E31000000000000000000000000000000000000000000000000000076696577000000000013A4FE00145F2E0010CF140003EDCC0004130B00035C9E0000000158595A2000000000004C09560050000000571FE76D6561730000000000000001000000000000000000000000000000000000028F0000000273696720000000004352542063757276000000000000040000000005000A000F00140019001E00230028002D00320037003B00400045004A004F00540059005E00630068006D00720077007C00810086008B00900095009A009F00A400A900AE00B200B700BC00C100C600CB00D000D500DB00E000E500EB00F000F600FB01010107010D01130119011F0125012B01320138013E0145014C0152015901600167016E0175017C0183018B0192019A01A101A901B101B901C101C901D101D901E101E901F201FA0203020C0214021D0226022F02380241024B0254025D02670271027A0284028E029802A202AC02B602C102CB02D502E002EB02F50300030B03160321032D03380343034F035A03660372037E038A039603A203AE03BA03C703D303E003EC03F9040604130420042D043B0448045504630471047E048C049A04A804B604C404D304E104F004FE050D051C052B053A05490558056705770586059605A605B505C505D505E505F6060606160627063706480659066A067B068C069D06AF06C006D106E306F507070719072B073D074F076107740786079907AC07BF07D207E507F8080B081F08320846085A086E0882089608AA08BE08D208E708FB09100925093A094F09640979098F09A409BA09CF09E509FB0A110A270A3D0A540A6A0A810A980AAE0AC50ADC0AF30B0B0B220B390B510B690B800B980BB00BC80BE10BF90C120C2A0C430C5C0C750C8E0CA70CC00CD90CF30D0D0D260D400D5A0D740D8E0DA90DC30DDE0DF80E130E2E0E490E640E7F0E9B0EB60ED20EEE0F090F250F410F5E0F7A0F960FB30FCF0FEC1009102610431061107E109B10B910D710F511131131114F116D118C11AA11C911E81207122612451264128412A312C312E31303132313431363138313A413C513E5140614271449146A148B14AD14CE14F01512153415561578159B15BD15E0160316261649166C168F16B216D616FA171D17411765178917AE17D217F7181B18401865188A18AF18D518FA19201945196B199119B719DD1A041A2A1A511A771A9E1AC51AEC1B141B3B1B631B8A1BB21BDA1C021C2A1C521C7B1CA31CCC1CF51D1E1D471D701D991DC31DEC1E161E401E6A1E941EBE1EE91F131F3E1F691F941FBF1FEA20152041206C209820C420F0211C2148217521A121CE21FB22272255228222AF22DD230A23382366239423C223F0241F244D247C24AB24DA250925382568259725C725F726272657268726B726E827182749277A27AB27DC280D283F287128A228D429062938296B299D29D02A022A352A682A9B2ACF2B022B362B692B9D2BD12C052C392C6E2CA22CD72D0C2D412D762DAB2DE12E162E4C2E822EB72EEE2F242F5A2F912FC72FFE3035306C30A430DB3112314A318231BA31F2322A3263329B32D4330D3346337F33B833F1342B3465349E34D83513354D358735C235FD3637367236AE36E937243760379C37D738143850388C38C839053942397F39BC39F93A363A743AB23AEF3B2D3B6B3BAA3BE83C273C653CA43CE33D223D613DA13DE03E203E603EA03EE03F213F613FA23FE24023406440A640E74129416A41AC41EE4230427242B542F7433A437D43C044034447448A44CE45124555459A45DE4622466746AB46F04735477B47C04805484B489148D7491D496349A949F04A374A7D4AC44B0C4B534B9A4BE24C2A4C724CBA4D024D4A4D934DDC4E254E6E4EB74F004F494F934FDD5027507150BB51065150519B51E65231527C52C75313535F53AA53F65442548F54DB5528557555C2560F565C56A956F75744579257E0582F587D58CB591A596959B85A075A565AA65AF55B455B955BE55C355C865CD65D275D785DC95E1A5E6C5EBD5F0F5F615FB36005605760AA60FC614F61A261F56249629C62F06343639763EB6440649464E9653D659265E7663D669266E8673D679367E9683F689668EC6943699A69F16A486A9F6AF76B4F6BA76BFF6C576CAF6D086D606DB96E126E6B6EC46F1E6F786FD1702B708670E0713A719571F0724B72A67301735D73B87414747074CC7528758575E1763E769B76F8775677B37811786E78CC792A798979E77A467AA57B047B637BC27C217C817CE17D417DA17E017E627EC27F237F847FE5804780A8810A816B81CD8230829282F4835783BA841D848084E3854785AB860E867286D7873B879F8804886988CE8933899989FE8A648ACA8B308B968BFC8C638CCA8D318D988DFF8E668ECE8F368F9E9006906E90D6913F91A89211927A92E3934D93B69420948A94F4955F95C99634969F970A977597E0984C98B89924999099FC9A689AD59B429BAF9C1C9C899CF79D649DD29E409EAE9F1D9F8B9FFAA069A0D8A147A1B6A226A296A306A376A3E6A456A4C7A538A5A9A61AA68BA6FDA76EA7E0A852A8C4A937A9A9AA1CAA8FAB02AB75ABE9AC5CACD0AD44ADB8AE2DAEA1AF16AF8BB000B075B0EAB160B1D6B24BB2C2B338B3AEB425B49CB513B58AB601B679B6F0B768B7E0B859B8D1B94AB9C2BA3BBAB5BB2EBBA7BC21BC9BBD15BD8FBE0ABE84BEFFBF7ABFF5C070C0ECC167C1E3C25FC2DBC358C3D4C451C4CEC54BC5C8C646C6C3C741C7BFC83DC8BCC93AC9B9CA38CAB7CB36CBB6CC35CCB5CD35CDB5CE36CEB6CF37CFB8D039D0BAD13CD1BED23FD2C1D344D3C6D449D4CBD54ED5D1D655D6D8D75CD7E0D864D8E8D96CD9F1DA76DAFBDB80DC05DC8ADD10DD96DE1CDEA2DF29DFAFE036E0BDE144E1CCE253E2DBE363E3EBE473E4FCE584E60DE696E71FE7A9E832E8BCE946E9D0EA5BEAE5EB70EBFBEC86ED11ED9CEE28EEB4EF40EFCCF058F0E5F172F1FFF28CF319F3A7F434F4C2F550F5DEF66DF6FBF78AF819F8A8F938F9C7FA57FAE7FB77FC07FC98FD29FDBAFE4BFEDCFF6DFFFFFFDB0043000302020302020303030304030304050805050404050A070706080C0A0C0C0B0A0B0B0D0E12100D0E110E0B0B1016101113141515150C0F171816141812141514FFDB00430103040405040509050509140D0B0D1414141414141414141414141414141414141414141414141414141414141414141414141414141414141414141414141414FFC0001108004B004B03011100021101031101FFC4001D000002020301010100000000000000000004050306020708090001FFC4003C1000020103030204040403040B000000000102030405110012210631071322411432516108427181235291151692C117244344536272B1D1E1F0FFC4001B01000105010100000000000000000000000102030405060007FFC40038110001030300070701070305000000000001000211030421051231415171F01322618191B1C1A1061532428292E114D1F11624334453FFDA000C03010002110311003F00A61B4EE5C9889C7E65D6A615228DED40A67673F5FAEB972127A0546071C1ECDEE3EC7421151B5BE2986D7501BD8FB6842283A8B2050C0AE749211052DA9A0431F20647BE910952971A28D890071F4FA69294819ED415C803FF007A4A5202A2D6194FA7074110502681D0950D8C7D73AE4574AA40524524E78E71F4D4C5161192DB04AA4003763218763AE461238EC55375BA43434D4B254564F27971C118CB48DF6FE9FB690F7B69B4BDE6004BA6C7D4706304929EC7E05F574F718A84DAFE19DDB0649E740B18FA9DA49207D81D55BB4ADA3763893C8FCAB26E8BBA76D681E63E254B7AF0B9BA52F1576DAF76B94F4CCA088898D66CC68EA147701DAA29231F791FDC0C5F59F657345B549DBF4C9F6827C9515E9AD6B55D4DA263AFAC854CB8745534F7510C53D4794CAEE932279AAEA9C1230A701C0DE09F480C32718D3952D099D430781EBC921974D00178C1E099B7873D27401CCFFDE0B9D6C7FEEB1D4D3D22B1F61BF63900F1CE3DF59EAB4F484F77523F57CAD1D33A3A3BE1F3FA7E12DBA74DD1545229A4E998EDAE0159646BACB5CD0BFAB19CAAA38C6DFCA724F60AA499D696F53566E1FACEE00003DA4FA8506EABD22E8B7A7AADE24927DE07A1E6ABB75E829A9E188D1A4D52FB0928E43338C6770E073F5040FDB4ED4641388F6F25198E31933D6F55092942B905083F7046A39C182A4012242A745E3F751DB609ADD64869EF5E436CF8B98148621DC2EE2402CDD8007F4CE7596A77F5A8360BBBBE3F0BDAF4AE8BD1BA46B916940BEAEF2D3AAD9DC0938713B80CECCA93A9BC71F13BA5E28E8AE55F6FB655CA8B39868E08DE5810F21589DC06473B7BFD48E74D9D2B715314DD8E414277D97B5B46875E531AD99009C789DC632200E6602E9CFC2EF50F5A75254D9EFD76E99B92012EE4AC6B4CB0C73D3C919FE22F1B4824F1B38C634E3F490B8B5A8CACE1AED2088DF91E53E0B3D73A229595DD27DA4EA3810E9DAD39E3903664AECFB35B64BAB7C6BBBC15120DC1254C328FA107557A9DA1D69C94F17860D503016ACF1F7A6A5B7DDEDF7996A5238EA6234934F0821A16896492390FDD617AD71FF353C3F41AD8E82AAEECDF6EE324640F0388FDDABEA56274DD302AB2BB4101D83CC67DA7D02D1B7E80AF92F1C53D2D441202128CA892165D8AC885B232AB24300CF730499EC75AD1B358E475FC9F30B2AE224B37F5FE3C942F3C3554B14924DF16CCCCE93B04525380371124AD2901D3748AC8AAF22AE172A1E3BCC75E1C801CA2713C9FA4EEBCF99F78CA0AB98C74B37A23C94E244C3282B9652324E3943C1CFE6C1E386C00D32A43F61F045D1D65309A3A7AD458D169D58200DE94CE380BCFB7B7D38D3E660289307BAB7CF410B05B7A42D90D74212ACC6659171D8BB17F6DC3F37D4EBC7349DCB6E6F2A54A47BB303CB1F0BD5747D236F6ACA75477A33E79F95E315CEF146868A3B73D4C6602CD2166006ECF0540E01C71BBE98D5D8A64821C36F5D04E5CE90A4C7D2FE91EE05924EE833BBC63F370885D81F863B774F78AD77AABCDFACB4772167B49AAA7A6AA4F455D5A144812638F5A9C3FA0F0762E7209073B54BA90349DB97A4E90D234AE2D69DCDB7E2A8260ED006091CC8EE939DFB76778F4E75275841E1DDAAEDD716DA4B6DC7C82F3BC53AF95C76C11C28DBC85EE02FB76D3355C0387623BA762C651639ED8A9F8F7F453FE93F1329EEF79AFA2A4FF0059828F687AE8F0CB333A0900047F28619FBEA7D0AA5C04850AAD20D06121F172F34D7DE8BBC51B442A2BA91857C54EFF00ED9A2CB18BF4963F321FD263AB6D1374DA57A331AD8279EC3E460F92A5D2D6C5F685C3F2E7D36FD25724F557885494145379D5E930D85FE2C9C1947F13331FA6E5F8F9C9FAD745F41AF4C7D66B69E71E1C3FC607E92BCC45326A12339F5EBE526F0FBADA8FA8ED345502A3C935B4B05C3C89A6DC8A84C94ECE06FDAA031742EEABDCA7CA592AA1B6A0AE03DB998DDD1F18CF1E05B2C30D13AAEFE38F47CB9DFEEF1353A57C6A0EF82973E511968D88D99C13B94709F3AC7C2AFA388A289F0327975D09E7B4946B633C7AEB1CB6040CAE6A3A8AE108CE29A9A9E2C9723D4DBB0BC727E6CED18FD4724357372CB663EABF6304FA0253B6F41D5DECA6DDAE747D40F64CE913C46A6A4821F81A698246AA244AC0818003070C323F43FD4F7D7848ACFDEBD9FB269D8BCF7F133C31B8785DD635562BD425633BA4A7AC85432D42ED6F2C863D813F30EE3078E35BFA8C7D225A768F659A6B6956876A90C7CC18CEB01B2766D3DEF23C139F0F7C7ABD7877639AD76F8DE25976A3BC454640C8CE194E1B04907D89CEA054B56D576B4A729DE55A6D0C838C22AC7E2BDC6A6CF2D8ED54B51488E15AA6A26B83CA24719F5F947D1BC924E483DC9C69D16AD754D777A0C269B74F14CB0188DE73EDBD742FE0C3C74B978637EFEC3EA9A99EA3A72BEA9853DDAA09614F532764958FE573D9BD9B83C11AEB9B6ECC76D4DB8DE85A5D977FB7A8EE45760789FD5D66EA9B6ECA59A25ACDBE9A880E4A1FAF71FD359DAE5DF8DBB7C15ED366D63B678AE2EF11BF0F125CAC95D4966EB26910A70B548AB9518C46C54676ED555EFD91339DA35734F4C56AA076D95475343D1612696161E0E5B6A6C360B65335D1EE6680344B534EF18863E2468D57D3BCB02EC0B23248A36E6408EBE5EE345DC0B8A1AB104183E20E4787AC8F0C6719A4AD8DB560499044FC15BBDA45AEA692489523A63E41548F84C798794DBFC34E4900C61B27705676DEE2F5CD8713CBAE27CE3C40C054CD70D5039F5C3DFCD52EE3E20DBBA27AAAF15155530533B57246239C88DB6C50AF182738CB0F4FF539E0E534F39D5283A8B0125EE038E064FD6169F4235ACACDAAF801AD3B789E8A16A7F16941E7BE2A4B0CF7486420FEFB7580FB9EB9CC7B2DBFDE94462522FC4ED153D65B6D14CF48D5F535A5E032549DFE52E57E56232096603249C738E4E75B2D280B754B76F1E0A6FD91A6DBDA75A8D68ECF12360248224F2E233E884F0D7F083D36960A3B9DF2A2A2E1515912CDF0A8FB52246190A5BB96F738C01DB9C674BA362DA8C0FAA66730303F9543A4348B2C6E2A5B59D380D25BACFEF38C60C038683CA76495B369BC02E8BA480C3476A8691108236267DBDC9E4F6F7D580B7A6DD8166DF7756A001C53B5F0F6CD496A96DF2D0C157453C6629E1910324A87B823FF00B1C630469F0C1110A21799954BFF004293D0878ECDD6773A1A163E9A7AAA78AA9E31FCAB2B60903D8B027EA4EAB1FA2E838C9564DD275DAD8941D6FE1FBA7EE14B2ADD6EB7EBACAC30EF2D7B44BFE04C0C7DB4FB6C2DD820354775ED7799738A4B63E98A0F0C255B6D107A7B682CC20770CAB21C12EAEEC1C0755C101B6E40CAE32CB3ED18CA154EAE35801E8647CF5B615D39D569007F2927D441F85B3EC8E66A5819D9B7F98AAB29DC0B9186DC18EE76F494F526EC8DA37A2140FA18DC3C3AE1EB1C8998CFB8C1CF8F5FE3D46FD2BD53D386F3E20540AC802C21A59155A32A4832B2E369CE3E4ED9F6FE99ABB6975683B3F95A2B42051C787B27F1746D8BCB5CDAE909C724C4B9D3429B7827F59CAE5E27D8BFB75E8D9104A62A79A409B7772A51C9FD829EDCF7FB699BDA46A4478FC2D47D9BBF6D917EB6F207EE05BEF092786B7FEA4B4D6BF4EC6D435B4DB1AA2DF05CA4784CB1672EB14E8AE32849CC6EA47E6560A40D44B4A95587B1C11BA718F039D9C23C41563A72D6D2BB4E90EF03203CB60C1DC4B4C60EE20C8C348272B64D15D2F1313F13648A971C1F26E893FBFF00D0B9D5B873CED6C79CFC2C454A76E3FE3AA4F3611F253396A0BC2C3B30EDA7542419930A71F5CE820A19F12293D8E39D2004B99C2A775BF4EAF5159E6A6DF241541774151036D91083B9595BD99480CA7D881A516EB0CA00C140741F53A352CED5D34714C1DFE35B63A2B48AAA5C9C245B81625B264907F13D4F1163249734AB87364F5EFC3701C8EC15152896B881D7B7D4FA6D49AE12C0DD670C31462257A3DFE59468DD0B48CE32A78190E3E5661F7D56DE41AA2387CAB2B3914883C7E116EEEAE4601C1FE53A86A5ABE2D479B3C3316F2E487251FBE09E0E7EC4647EFA7C8933C136D7EAB4B771DBD734AA5E9F852ED6FA9A25F87F22733320F91703BAFD33DB8FCAC78C01A8A688D70E6E215BB3495436F5295433AC23AF7E601DAACD1D4E4673DFB6A4AA55F3541C05273FE7AE5CA3926E38F94F7D72E514B3868D7F4E75C44A2308399BCC4FA15F71AE1840AD7BD63D313C934F5F6B884F2CDB4D450997624E5776D6507D3BC671C91C1EFEC541C58758040B75F05563A6A96F93F5089EB6DF2D0C11073896158C166DBB88DA00CFA40CE3B01EF9263B9EEAAFD6704F35829B754157A6605890D807DB4A5D29F1AADBF29C69D94D2CC5680028E3EDEDFB6929438845C755B436E6E7450597C5EFF483EDC6B910BF0D410A403F6E7492950A296A0A33607A48EDA5210A035239C73C76D74A1084A8915811EDA1288095D4C862527395F71F6D252D03F170FF00C54FF18D2759BC47A84E76554EC63BF69FEC9AA48C4119F7D3898859AB13B4678D7228B12313DF5DBD0DEB385C94539E73FE5A2BB7ACCB9C77D0294B0958F1CE82E433B9121E7DB5C8AC1FD54CCE796C2F3FBE86F0B92BAA823AB56866412C4F80C8C320FBFF00DC0D0753656069D4120ED053B4EEABD93C5CDB3CB1EDC820C11BB07912100F0AEF3F30FD18FF00E7513EEEB3FF00C5BE814EFF00526993FF0072A7EF77F75FFFD9, 'image/jpeg', 'kaiwen386', null, 'kaiwen386.pisceshow.com', '1', '1', '12');
